word,times_added,times_removed,net_change
date,358,440,-82
the,215,273,-58
archive,206,238,-32
url,203,259,-56
transgender,177,214,-37
access,176,208,-32
of,156,197,-41
web,144,186,-42
and,140,190,-50
to,137,164,-27
man,137,139,-2
a,132,184,-52
gender,131,198,-67
status,119,138,-19
ref,110,185,-75
https,108,154,-46
org,98,118,-20
website,97,120,-23
title,87,123,-36
people,82,94,-12
in,80,127,-47
live,78,83,-5
august,78,79,-1
www,73,102,-29
http,68,77,-9
rights,63,93,-30
transsexual,61,57,4
mow,60,60,0
went,60,60,0
is,58,73,-15
legal,56,151,-95
identity,52,73,-21
by,48,59,-11
term,47,47,0
or,47,99,-52
com,46,63,-17
that,46,55,-9
with,44,77,-33
for,40,58,-18
meadow,40,40,0
sex,39,60,-21
may,39,52,-13
recognition,37,55,-18
who,36,37,-1
are,36,42,-6
change,34,39,-5
many,33,37,-4
june,33,43,-10
de,32,41,-9
law,32,46,-14
some,31,32,-1
cite,31,67,-36
not,30,33,-3
news,30,57,-27
november,29,33,-4
bill,29,40,-11
publisher,28,37,-9
transsexualism,27,27,0
one,27,28,-1
january,27,28,-1
an,25,26,-1
their,25,33,-8
september,25,29,-4
name,25,35,-10
two,24,25,-1
april,24,31,-7
language,23,32,-9
trans,22,36,-14
his,21,21,0
july,21,22,-1
first,21,42,-21
dead,21,24,-3
dog,20,20,0
last,20,44,-24
icd,19,19,0
s,19,34,-15
health,19,21,-2
american,18,19,-1
as,18,24,-6
au,18,18,0
three,18,18,0
october,17,20,-3
at,17,22,-5
these,17,18,-1
countries,17,23,-6
december,17,22,-5
colspan,17,25,-8
int,16,16,0
stryker,16,16,0
four,16,16,0
n,16,54,-38
transgenderism,16,16,0
en,16,28,-12
considered,16,15,1
be,15,22,-7
birth,15,28,-13
persons,15,15,0
five,14,14,0
fact,14,14,0
it,14,18,-4
do,14,14,0
gendercentre,14,14,0
associated,14,16,-2
lgbt,14,21,-7
new,14,20,-6
this,14,16,-2
work,14,30,-16
they,13,14,-1
author,13,8,5
surgery,13,20,-7
person,13,16,-3
being,13,14,-1
can,13,16,-3
from,13,18,-5
march,13,20,-7
but,13,17,-4
have,12,15,-3
on,12,34,-22
february,12,17,-5
diagnosis,12,15,-3
world,12,19,-7
htm,12,12,0
identify,12,12,0
uk,12,12,0
subset,12,12,0
most,12,12,0
id,12,15,-3
dysphoria,12,13,-1
six,12,13,-1
newspaper,12,4,8
non,12,13,-1
others,12,14,-2
category,12,13,-1
groups,12,12,0
popularized,12,12,0
ley,12,12,0
however,12,11,1
social,12,14,-2
parliament,11,20,-9
e,11,11,0
cr,11,12,-1
generally,11,11,0
were,11,10,1
align,11,18,-7
center,11,20,-9
la,11,12,-1
article,11,10,1
isbn,11,11,0
now,11,10,1
role,11,11,0
resources,11,13,-2
unknown,10,40,-30
go,10,10,0
woman,10,10,0
gov,10,15,-5
i,10,11,-1
assigned,10,12,-2
es,10,10,0
no,10,121,-111
sheets,10,10,0
m,10,10,0
recognize,10,12,-2
use,10,11,-1
dsm,10,10,0
care,10,10,0
seven,10,10,0
psychiatric,10,12,-2
individuals,9,11,-2
archived,9,1,8
also,9,13,-4
other,9,11,-2
university,9,11,-2
p,9,10,-1
entity,9,9,0
was,9,11,-2
copy,9,1,8
europe,9,17,-8
transsexuals,9,9,0
t,9,11,-2
required,9,14,-5
flagicon,9,14,-5
services,9,9,0
sidebar,9,9,0
identidad,9,9,0
there,8,8,0
protection,8,8,0
valentine,8,8,0
html,8,14,-6
body,8,8,0
between,8,9,-1
book,8,8,0
bevan,8,8,0
identities,8,8,0
conform,8,8,0
self,8,13,-5
act,8,28,-20
legend,8,9,-1
issue,8,8,0
don,8,8,0
eight,8,8,0
both,8,8,0
possible,8,7,1
alegria,8,8,0
which,8,12,-4
broader,8,8,0
susan,8,8,0
pages,8,10,-2
umbrella,8,8,0
meyerowitz,8,8,0
third,8,10,-2
prince,8,8,0
movement,8,16,-8
location,8,9,-1
categories,7,7,0
community,7,7,0
jurisdictions,7,8,-1
should,7,10,-3
laws,7,10,-3
pending,7,7,0
scotland,7,14,-7
roles,7,7,0
country,7,10,-3
government,7,8,-1
c,7,8,-1
incongruence,7,8,-1
association,7,11,-4
therapy,7,10,-3
reject,7,10,-3
aspx,7,9,-2
issues,7,8,-1
often,7,8,-1
medical,7,9,-2
pt,7,8,-1
ilga,6,10,-4
you,6,6,0
court,6,15,-9
reassignment,6,13,-7
journal,6,8,-2
practice,6,23,-17
br,6,9,-3
slovakia,6,13,-7
l,6,6,0
dates,6,6,0
co,6,7,-1
expression,6,14,-8
assignment,6,6,0
press,6,12,-6
nine,6,6,0
dmy,6,6,0
treatment,6,8,-2
varies,6,11,-5
thailand,6,7,-1
gay,6,11,-5
sterilization,6,23,-17
if,6,5,1
passes,6,8,-2
subsequent,5,5,0
peru,5,6,-1
page,5,5,0
sexual,5,5,0
decide,5,5,0
said,5,4,1
modifications,5,5,0
prsindia,5,5,0
few,5,5,0
mentally,5,5,0
ethnography,5,5,0
human,5,7,-2
various,5,5,0
tied,5,5,0
india,5,7,-2
d,5,5,0
healthcare,5,8,-3
forward,5,7,-2
volume,5,5,0
move,5,5,0
same,5,7,-2
typically,5,4,1
again,5,5,0
year,5,5,0
haider,5,5,0
up,5,5,0
file,5,11,-6
bodies,5,5,0
official,5,6,-1
reform,5,8,-3
processes,5,5,0
matters,5,5,0
star,5,6,-1
culturally,5,5,0
such,5,7,-2
doctors,5,5,0
has,5,9,-4
qcostarica,5,5,0
aspects,5,5,0
gaystarnews,5,0,5
set,5,5,0
used,5,5,0
whether,5,5,0
genero,5,6,-1
net,5,5,0
automatically,5,5,0
identification,5,10,-5
ten,5,5,0
directly,5,5,0
david,5,5,0
incorporate,5,5,0
bbc,5,5,0
asamblea,5,5,0
markel,5,5,0
feel,5,6,-1
el,4,6,-2
richard,4,4,0
medically,4,5,-1
inconsistent,4,4,0
psychobiology,4,4,0
political,4,5,-1
adoption,4,4,0
redirect,4,5,-1
adjective,4,4,0
edu,4,5,-1
observers,4,4,0
adovcated,4,4,0
concerning,4,4,0
sometimes,4,4,0
morbidity,4,4,0
imposed,4,4,0
minter,4,4,0
least,4,4,0
framing,4,4,0
difference,4,4,0
permanent,4,4,0
conforming,4,4,0
policy,4,4,0
rejection,4,4,0
iran,4,5,-1
cauldwell,4,4,0
dignity,4,4,0
norms,4,4,0
constitute,4,4,0
clinics,4,4,0
png,4,4,0
individually,4,4,0
physical,4,9,-5
concept,4,4,0
politics,4,4,0
thomas,4,4,0
yes,4,92,-88
diputados,4,5,-1
serve,4,4,0
much,4,4,0
imagining,4,4,0
understand,4,4,0
semi,4,4,0
available,4,4,0
mental,4,5,-1
necessary,4,5,-1
using,4,4,0
sufficient,4,4,0
promote,4,5,-1
scot,4,8,-4
buzzfeed,4,4,0
diverse,4,4,0
pioneered,4,4,0
nurse,4,4,0
means,4,4,0
kong,4,12,-8
territory,4,5,-1
virginia,4,4,0
practitioners,4,4,0
york,4,4,0
certificate,4,11,-7
communities,4,4,0
studies,4,4,0
oliven,4,4,0
hrt,4,3,1
pib,4,4,0
individual,4,5,-1
employed,4,4,0
recognizes,4,4,0
paisley,4,4,0
pakistan,4,6,-2
currah,4,4,0
michigan,4,4,0
word,4,4,0
simply,4,4,0
elmundo,4,5,-1
introduced,4,7,-3
arlington,4,4,0
labelled,4,4,0
reuters,4,7,-3
reassignments,4,4,0
k,4,4,0
explicit,4,4,0
va,4,4,0
activists,4,4,0
john,4,4,0
academy,4,4,0
given,4,4,0
international,4,8,-4
typical,4,4,0
accepted,4,4,0
reader,4,4,0
evaluation,4,4,0
shows,4,4,0
history,4,6,-2
kelley,4,4,0
organization,4,4,0
disabled,4,4,0
clearly,4,4,0
natal,4,4,0
whittle,4,4,0
hormonal,4,5,-1
essays,4,4,0
taylor,4,5,-1
whose,4,5,-1
included,4,6,-2
struggle,4,4,0
para,4,5,-1
greece,4,5,-1
requires,4,6,-2
cover,4,4,0
psychiatry,4,4,0
benefit,4,4,0
permitting,4,4,0
more,4,4,0
books,4,4,0
edited,4,4,0
employ,4,4,0
eds,4,4,0
benjamin,4,4,0
retrieved,4,4,0
all,4,9,-5
salvador,4,5,-1
formally,4,4,0
routledge,4,4,0
designed,4,4,0
hormone,4,4,0
proyecto,4,5,-1
encompass,4,4,0
duke,4,4,0
introduction,4,4,0
behavior,4,4,0
psychosocial,4,4,0
today,4,4,0
winters,4,4,0
hrw,4,5,-1
within,4,4,0
coined,4,4,0
variant,4,4,0
juang,4,4,0
establish,4,4,0
legally,4,8,-4
statistics,4,5,-1
sort,4,8,-4
madness,4,4,0
j,4,4,0
implications,4,5,-1
than,4,4,0
established,4,4,0
will,4,4,0
nic,4,4,0
shannon,4,4,0
srs,4,3,1
hong,4,12,-8
mortality,4,4,0
conasida,4,4,0
transgendered,4,4,0
harry,4,4,0
discordance,4,4,0
intend,4,4,0
bills,4,8,-4
thumb,4,4,0
permanently,4,4,0
those,4,4,0
camara,4,4,0
accords,4,4,0
illustrates,4,4,0
civil,3,4,-1
ireland,3,3,0
proponen,3,3,0
becomes,3,7,-4
defending,3,3,0
fmln,3,3,0
appi,3,3,0
regarding,3,3,0
pdf,3,6,-3
nonbinary,3,4,-1
accessdate,3,3,0
widely,3,3,0
billtrack,3,3,0
genderqueer,3,3,0
descriptions,3,3,0
women,3,13,-10
amnesty,3,6,-3
pangender,3,3,0
costarica,3,3,0
binary,3,3,0
r,3,3,0
ep,3,6,-3
tend,3,3,0
svg,3,9,-6
understanding,3,3,0
edition,3,3,0
agender,3,3,0
provided,3,4,-1
landmark,3,5,-2
throughout,3,3,0
flag,3,236,-233
amendment,3,3,0
men,3,5,-2
importante,3,3,0
family,3,3,0
variation,3,3,0
publishing,3,3,0
traditional,3,3,0
costa,3,4,-1
ec,3,2,1
ca,3,3,0
statistical,3,3,0
replacing,3,3,0
disorders,3,3,0
rica,3,4,-1
socially,3,3,0
senado,3,3,0
necesita,3,3,0
tgeu,3,5,-2
greater,3,3,0
including,3,5,-2
especially,3,3,0
children,3,4,-1
approves,3,3,0
stm,3,4,-1
making,3,6,-3
impossible,3,7,-4
someone,3,4,-1
gob,3,3,0
description,3,6,-3
terms,3,3,0
literature,3,3,0
transsexuality,3,3,0
exclude,3,3,0
marriage,3,3,0
hoy,3,3,0
parl,3,3,0
iceland,3,11,-8
anneleri,3,3,0
diagnostic,3,3,0
sexo,3,4,-1
polygender,3,3,0
pl,3,4,-1
insurance,3,3,0
call,3,3,0
cispes,3,3,0
globally,3,3,0
expressions,3,3,0
genders,3,3,0
security,3,3,0
degree,3,3,0
times,3,6,-3
procedures,3,3,0
report,3,3,0
africa,3,7,-4
que,3,4,-1
designation,3,3,0
victory,3,1,2
jp,3,3,0
pinknews,3,3,0
guardian,3,3,0
part,3,4,-1
una,3,3,0
se,3,3,0
replaced,3,3,0
question,3,3,0
breadth,3,3,0
brazil,3,5,-2
approved,3,3,0
crear,3,3,0
partner,3,3,0
outside,3,3,0
manual,3,3,0
france,3,4,-1
latest,3,7,-4
map,3,4,-1
hdl,3,3,0
egypt,3,5,-2
fr,3,3,0
ban,3,10,-7
theguardian,3,4,-1
doi,3,3,0
fifth,3,3,0
ill,3,3,0
just,3,5,-2
red,3,2,1
cringesexual,3,3,0
cl,3,3,0
algo,3,3,0
any,3,4,-1
card,3,3,0
lei,3,3,0
backs,3,3,0
entering,3,3,0
benefiting,3,3,0
cedula,3,3,0
conversion,3,6,-3
periodical,3,0,3
eu,2,5,-3
cljlaw,2,2,0
corporation,2,2,0
male,2,5,-3
lgbti,2,3,-1
european,2,4,-2
complex,2,19,-17
exam,2,2,0
reglamentos,2,2,0
botswana,2,3,-1
asambleanacional,2,2,0
gs,2,0,2
derechos,2,2,0
y,2,2,0
changement,2,2,0
legifrance,2,2,0
grodzka,2,2,0
printrelease,2,2,0
monitor,2,2,0
house,2,3,-1
what,2,2,0
pravda,2,2,0
says,2,2,0
attraction,2,2,0
indian,2,3,-1
committee,2,2,0
ambiguous,2,2,0
detalle,2,2,0
unclear,2,32,-30
hc,2,2,0
jeff,2,1,1
affirming,2,5,-3
female,2,5,-3
lgtb,2,2,0
gc,2,2,0
fichadetramitacao,2,2,0
reconocimiento,2,2,0
cccccc,2,2,0
ni,2,2,0
php,2,2,0
txstate,2,2,0
cringegender,2,2,0
parlamento,2,2,0
waseda,2,2,0
mcp,2,2,0
why,2,2,0
short,2,2,0
newsite,2,2,0
right,2,7,-5
gb,2,2,0
south,2,13,-11
direito,2,2,0
mp,2,2,0
abc,2,2,0
nodal,2,2,0
around,2,3,-1
leyes,2,2,0
relid,2,2,0
magazine,2,5,-3
form,2,2,0
passports,2,2,0
continue,2,0,2
permitir,2,2,0
defacto,2,4,-2
re,2,2,0
legisinfo,2,2,0
idproposicao,2,2,0
si,2,2,0
hell,2,2,0
finnish,2,0,2
ionline,2,2,0
sexgenderapplicants,2,2,0
daily,2,2,0
los,2,2,0
us,2,3,-1
hu,2,2,0
dawn,2,2,0
aos,2,2,0
japaneselawtranslation,2,2,0
al,2,2,0
o,2,2,0
code,2,2,0
shanghaidaily,2,2,0
he,2,3,-1
media,2,2,0
jennifer,2,1,1
votes,2,3,-1
actual,2,2,0
post,2,2,0
cabinet,2,3,-1
high,2,2,0
outright,2,2,0
proposicoesweb,2,2,0
am,2,2,0
ecommons,2,2,0
service,2,2,0
toronto,2,5,-3
leading,2,5,-3
during,2,2,0
finland,2,10,-8
longer,2,4,-2
apnews,2,3,-1
womenofchina,2,2,0
slovak,2,4,-2
ante,2,2,0
sociedad,2,2,0
arp,2,2,0
index,2,6,-4
pginas,2,2,0
agency,2,4,-2
equality,2,3,-1
logical,2,2,0
action,2,2,0
say,2,2,0
before,2,2,0
minors,2,2,0
republic,2,5,-3
igualdad,2,2,0
npr,2,2,0
stage,2,4,-2
etiquetas,2,2,0
lu,2,2,0
society,2,2,0
mexico,2,3,-1
anna,2,2,0
biological,2,2,0
signed,2,5,-3
denmark,2,7,-5
inquirer,2,2,0
passed,2,8,-6
legality,2,19,-17
gouvernement,2,2,0
teni,2,2,0
broadcasting,2,2,0
hi,2,2,0
illegal,2,3,-1
anos,2,2,0
legislation,2,2,0
transvestism,2,2,0
assent,2,3,-1
newsinfo,2,2,0
apple,2,2,0
parlament,2,2,0
cbc,2,2,0
public,2,4,-2
gouv,2,2,0
delusions,2,2,0
thelogicalindian,2,2,0
sin,2,2,0
her,2,2,0
istscare,2,2,0
sinetiquetas,2,2,0
major,2,2,0
intergroup,2,3,-1
option,2,3,-1
only,2,2,0
prohibited,2,105,-103
she,2,1,1
abuse,1,1,0
hl,1,1,0
tw,1,1,0
trust,1,1,0
owl,1,2,-1
southernafricalitigationcentre,1,1,0
accept,1,1,0
ftikhar,1,1,0
canada,1,2,-1
division,1,1,0
shy,1,0,1
vm,1,1,0
far,1,2,-1
bolivia,1,2,-1
rlerdi,1,1,0
cis,1,1,0
electroshock,1,1,0
accepts,1,1,0
lens,1,1,0
discrimination,1,7,-6
deaths,1,1,0
cambiar,1,1,0
vanessa,1,1,0
instead,1,3,-2
royal,1,2,-1
make,1,2,-1
legabibo,1,1,0
barford,1,1,0
examintions,1,1,0
needed,1,0,1
sofia,1,1,0
goes,1,1,0
shame,1,2,-1
employment,1,2,-1
cases,1,3,-2
austlii,1,1,0
constitutionally,1,1,0
ltd,1,1,0
taiwan,1,2,-1
group,1,1,0
esquerda,1,1,0
protecting,1,2,-1
positive,1,1,0
sainty,1,1,0
neurosis,1,1,0
diddling,1,1,0
estabelece,1,1,0
moi,1,1,0
else,1,1,0
head,1,0,1
under,1,2,-1
categorielien,1,1,0
zevk,1,1,0
ministry,1,1,0
newstatesman,1,1,0
hk,1,1,0
morning,1,1,0
based,1,4,-3
atlas,1,1,0
allafrica,1,1,0
evlatliktan,1,1,0
comparative,1,1,0
washingtonblade,1,1,0
thenewslens,1,1,0
comunicacion,1,1,0
wcm,1,1,0
justicia,1,1,0
attachments,1,1,0
newspapers,1,1,0
dosmanzanas,1,1,0
las,1,1,0
second,1,1,0
better,1,1,0
identidade,1,1,0
greatly,1,2,-1
orospudur,1,1,0
attlm,1,1,0
hankyoreh,1,1,0
housing,1,2,-1
forced,1,1,0
cringe,1,1,0
rtbf,1,1,0
hungarian,1,1,0
argentina,1,3,-2
include,1,1,0
scribd,1,1,0
vancouver,1,2,-1
poselski,1,1,0
fails,1,1,0
once,1,1,0
affichtexte,1,1,0
torontosun,1,1,0
solutions,1,1,0
ki,1,1,0
ie,1,1,0
chile,1,2,-1
datos,1,1,0
mely,1,1,0
lmi,1,1,0
called,1,1,0
china,1,5,-4
ask,1,0,1
rommel,1,1,0
rules,1,4,-3
uy,1,1,0
step,1,3,-2
fight,1,2,-1
colombias,1,1,0
lanesainty,1,1,0
its,1,3,-2
sizi,1,1,0
christine,1,1,0
suscriben,1,2,-1
lgbtq,1,2,-1
economic,1,2,-1
through,1,1,0
meaningless,1,1,0
enacted,1,2,-1
publicwhip,1,1,0
paper,1,1,0
nbsp,1,7,-6
anteproyecto,1,1,0
grapevine,1,1,0
intervention,1,1,0
transformation,1,1,0
track,1,1,0
illness,1,1,0
equalityhumanrights,1,1,0
over,1,3,-2
om,1,2,-1
positiveimpactmagazine,1,1,0
hungary,1,4,-3
takes,1,1,0
cbnnews,1,1,0
child,1,2,-1
while,1,1,0
files,1,1,0
tait,1,1,0
cambio,1,2,-1
them,1,1,0
del,1,1,0
check,1,6,-5
refuse,1,0,1
behaved,1,1,0
upress,1,1,0
viewing,1,1,0
link,1,2,-1
national,1,2,-1
derecognise,1,1,0
province,1,2,-1
presiona,1,1,0
release,1,2,-1
oct,1,1,0
nextmedia,1,1,0
applauded,1,2,-1
dk,1,3,-2
your,1,1,0
minnesota,1,1,0
rejects,1,0,1
keep,1,0,1
speaking,1,1,0
yoktur,1,1,0
feb,1,1,0
poland,1,2,-1
register,1,1,0
comunidad,1,1,0
solidarity,1,1,0
norway,1,6,-5
av,1,2,-1
campaign,1,1,0
apresenta,1,1,0
alirlae,1,1,0
doc,1,3,-2
county,1,0,1
orthodox,1,1,0
haklarl,1,1,0
decides,1,0,1
put,1,2,-1
pi,1,1,0
lesterfeder,1,1,0
like,1,1,0
katrina,1,1,0
greek,1,1,0
we,1,1,0
projeto,1,1,0
umn,1,1,0
ontario,1,2,-1
citation,1,0,1
cringerights,1,1,0
info,1,1,0
issn,1,1,0
citizens,1,2,-1
applies,1,0,1
activism,1,1,0
constitution,1,1,0
sect,1,1,0
personas,1,1,0
currently,1,0,1
sc,1,1,0
oficial,1,1,0
suplemento,1,1,0
after,1,1,0
series,1,1,0
australia,1,2,-1
believe,1,1,0
outlaws,1,1,0
erin,1,1,0
prohibition,1,1,0
siktim,1,1,0
hate,1,2,-1
bot,1,1,0
bi,1,1,0
feature,1,1,0
australian,1,1,0
infertile,1,0,1
registration,1,1,0
equal,1,1,0
bunlarin,1,1,0
cringegenderism,1,1,0
reason,1,0,1
giving,1,1,0
clayton,1,0,1
groom,1,1,0
vietnam,1,2,-1
celebrate,1,1,0
defines,1,0,1
face,1,3,-2
euronews,1,1,0
standing,1,1,0
epikairotita,1,1,0
quer,1,1,0
vote,1,1,0
sterilisation,1,5,-4
lane,1,1,0
georgia,1,1,0
hudson,1,1,0
lgr,1,1,0
minneapolis,1,1,0
pierre,1,1,0
kti,1,1,0
gaborone,1,1,0
ccss,1,2,-1
americas,1,1,0
transvestite,1,1,0
must,1,0,1
trate,1,1,0
subjected,1,1,0
opposed,1,1,0
born,1,0,1
jstor,1,1,0
segundo,1,1,0
attracted,1,1,0
allows,1,2,-1
fox,1,1,0
noticias,1,2,-1
learn,1,1,0
projekt,1,1,0
process,1,1,0
when,1,1,0
nothing,1,1,0
cn,1,2,-1
sterilizing,1,0,1
scmp,1,1,0
obscura,1,1,0
north,1,3,-2
procedure,1,5,-4
look,1,1,0
incorrect,1,1,0
propensity,1,1,0
foxnews,1,1,0
allied,1,1,0
exploit,1,1,0
effect,1,1,0
require,1,1,0
english,1,3,-2
good,1,1,0
enough,1,1,0
grant,1,0,1
department,1,1,0
swedish,1,1,0
vargas,1,1,0
review,1,2,-1
so,1,3,-2
redd,1,1,0
hizo,1,1,0
desire,1,1,0
juridisk,1,2,-1
silvero,1,1,0
criminalized,1,2,-1
became,1,1,0
autonomy,1,6,-5
cringesidebar,1,1,0
hays,1,1,0
unanimously,1,2,-1
recognised,1,3,-2
grenada,1,2,-1
application,1,1,0
inline,1,1,0
wort,1,1,0
hindu,1,1,0
tokyo,1,1,0
yahoo,1,1,0
haudhry,1,1,0
economist,1,1,0
patients,1,1,0
christian,1,1,0
adopts,1,4,-3
found,1,4,-3
ruled,1,2,-1
decision,1,5,-4
fannies,1,1,0
united,1,7,-6
originals,1,1,0
yedim,1,1,0
amends,1,1,0
london,1,1,0
materials,1,1,0
allowed,1,0,1
ustawy,1,1,0
officers,1,1,0
archives,1,1,0
doesnt,1,1,0
changed,1,3,-2
timesofmalta,1,1,0
centered,1,1,0
bans,1,2,-1
state,1,1,0
transgenders,1,1,0
judge,1,3,-2
city,1,2,-1
consequently,1,0,1
discordapp,1,1,0
central,1,2,-1
cotw,1,1,0
manitoba,1,2,-1
bermekten,1,1,0
criminal,1,2,-1
multimedia,1,2,-1
yorker,1,1,0
win,1,1,0
gr,1,1,0
concede,1,1,0
pulse,1,1,0
matthew,1,1,0
life,1,2,-1
plan,1,1,0
ending,1,1,0
network,1,1,0
vardirlar,1,1,0
bo,1,1,0
green,1,1,0
washington,1,1,0
religion,1,1,0
sejm,1,1,0
buzzwords,1,1,0
detail,1,1,0
canadian,1,1,0
areas,1,3,-2
bulletin,1,1,0
proposal,1,1,0
weimar,1,1,0
dispatches,1,1,0
tranny,1,1,0
robert,1,1,0
legarda,1,1,0
junio,1,1,0
ru,1,1,0
delusion,1,1,0
esther,1,1,0
without,1,7,-6
causes,1,1,0
backlash,1,1,0
sadece,1,1,0
jamie,1,1,0
haga,1,2,-1
siktiriin,1,1,0
vos,1,1,0
views,1,1,0
commission,1,1,0
iarchive,1,2,-1
germany,1,5,-4
fisher,1,2,-1
towards,1,1,0
marriages,1,1,0
ravi,1,1,0
anything,1,1,0
rodrigues,1,1,0
number,1,2,-1
support,1,3,-2
decreto,1,3,-2
edi,1,1,0
aug,1,1,0
fiji,1,2,-1
norways,1,1,0
rook,1,1,0
church,1,1,0
pakistans,1,1,0
council,1,2,-1
insane,1,1,0
herent,1,0,1
british,1,3,-2
discussion,1,1,0
antivirus,1,1,0
stories,1,1,0
len,1,1,0
iniciativa,1,1,0
small,1,1,0
abs,1,1,0
publicada,1,1,0
britain,1,2,-1
kingdom,1,3,-2
challenges,1,1,0
refugee,1,1,0
judges,1,1,0
operaciones,1,2,-1
easier,1,1,0
lov,1,2,-1
him,1,1,0
belgium,1,2,-1
following,1,1,0
chennai,1,1,0
needn,1,1,0
endring,1,2,-1
item,1,1,0
animals,1,1,0
ecuadortimes,1,1,0
search,1,1,0
minor,1,1,0
proposals,1,1,0
lgp,1,1,0
bostock,1,0,1
got,1,1,0
lgbtqnation,1,1,0
stortinget,1,3,-2
romania,1,2,-1
art,1,1,0
v,1,0,1
format,1,1,0
consistent,1,1,0
jn,1,1,0
customs,1,1,0
wareham,1,1,0
controversial,1,1,0
births,1,1,0
analysis,1,1,0
cringesexualism,1,1,0
eidiseis,1,1,0
prs,1,1,0
cidtexte,1,1,0
force,1,1,0
independent,1,1,0
gub,1,1,0
cbs,1,1,0
amend,1,1,0
applicable,1,1,0
indeed,1,1,0
projecto,1,1,0
unidad,1,1,0
story,1,1,0
period,1,1,0
pushed,1,1,0
recognise,1,1,0
presentan,1,1,0
uzgodnieniu,1,1,0
actualidad,1,1,0
silverio,1,1,0
allow,1,5,-4
transexuales,1,1,0
lesbian,1,1,0
sapo,1,1,0
macedonia,1,2,-1
zee,1,1,0
record,1,1,0
alter,1,1,0
elpais,1,1,0
permitted,1,33,-32
invasive,1,1,0
give,1,1,0
lmek,1,1,0
global,1,1,0
case,1,4,-3
registro,1,1,0
airport,1,1,0
anatomically,1,0,1
east,0,1,-1
greenlandic,0,1,-1
ktvb,0,3,-3
foi,0,2,-2
beker,0,1,-1
guatemala,0,1,-1
generation,0,1,-1
see,0,1,-1
unacceptably,0,1,-1
yi,0,1,-1
institute,0,1,-1
difficult,0,1,-1
trinidad,0,1,-1
special,0,1,-1
uio,0,1,-1
standards,0,1,-1
comoros,0,1,-1
idahopress,0,2,-2
brown,0,1,-1
tome,0,1,-1
widespread,0,2,-2
examinations,0,1,-1
forcing,0,2,-2
pe,0,2,-2
listing,0,1,-1
performed,0,1,-1
azerbaijan,0,1,-1
exams,0,1,-1
angola,0,1,-1
survey,0,1,-1
korekta,0,1,-1
neither,0,1,-1
haiti,0,1,-1
hoppe,0,1,-1
arabia,0,1,-1
tobago,0,1,-1
polynesia,0,1,-1
kalaallit,0,1,-1
supports,0,1,-1
urzad,0,1,-1
conscription,0,2,-2
way,0,1,-1
gesetz,0,2,-2
protected,0,1,-1
martinique,0,1,-1
qitiusumik,0,1,-1
characteristics,0,6,-6
received,0,2,-2
marshall,0,1,-1
idaho,0,10,-10
infertil,0,1,-1
line,0,2,-2
district,0,3,-3
sao,0,1,-1
struck,0,1,-1
niger,0,1,-1
uploads,0,1,-1
socialdialogue,0,2,-2
wallis,0,1,-1
our,0,1,-1
martin,0,1,-1
wp,0,1,-1
treated,0,1,-1
well,0,1,-1
had,0,2,-2
implemented,0,1,-1
iraq,0,1,-1
somaliland,0,1,-1
timor,0,1,-1
samoa,0,2,-2
invoke,0,2,-2
ivory,0,1,-1
cyprus,0,2,-2
sint,0,1,-1
vanuatu,0,1,-1
attend,0,1,-1
afghanistan,0,1,-1
sprawy,0,1,-1
lithuania,0,1,-1
sak,0,1,-1
futuna,0,1,-1
could,0,2,-2
kuwait,0,1,-1
parents,0,1,-1
reproductiverights,0,1,-1
pela,0,2,-2
philippines,0,1,-1
punished,0,1,-1
strongly,0,1,-1
view,0,2,-2
honduras,0,1,-1
conservative,0,2,-2
educated,0,1,-1
holdningsskred,0,1,-1
total,0,1,-1
cayman,0,1,-1
mudanca,0,1,-1
juriscol,0,1,-1
petitioning,0,2,-2
watch,0,1,-1
viewdocument,0,1,-1
lower,0,1,-1
palestine,0,1,-1
plci,0,1,-1
tajikistan,0,1,-1
makes,0,1,-1
uol,0,1,-1
sudan,0,2,-2
parties,0,1,-1
ior,0,1,-1
horim,0,1,-1
local,0,4,-4
bg,0,1,-1
western,0,1,-1
need,0,2,-2
principe,0,1,-1
mt,0,2,-2
party,0,1,-1
done,0,2,-2
states,0,5,-5
french,0,3,-3
roberto,0,2,-2
irreversible,0,1,-1
ruta,0,1,-1
universities,0,2,-2
bathrooms,0,1,-1
antarctic,0,1,-1
ukraine,0,1,-1
gesetze,0,2,-2
mauritius,0,1,-1
changes,0,6,-6
approach,0,1,-1
school,0,2,-2
guinea,0,4,-4
henry,0,3,-3
storting,0,2,-2
nicaragua,0,1,-1
lose,0,1,-1
stanu,0,1,-1
zimbabwe,0,1,-1
internet,0,2,-2
qatar,0,1,-1
panama,0,1,-1
dorota,0,1,-1
jamiewareham,0,1,-1
table,0,1,-1
reproductic,0,2,-2
korea,0,4,-4
tse,0,3,-3
infertility,0,1,-1
postpone,0,1,-1
caledonia,0,1,-1
vincent,0,1,-1
falkland,0,1,-1
kiribati,0,1,-1
staff,0,1,-1
seekers,0,1,-1
inunnik,0,1,-1
abkhazia,0,1,-1
transnistria,0,1,-1
liberia,0,1,-1
classes,0,1,-1
partners,0,2,-2
liechtenstein,0,1,-1
barbados,0,1,-1
benin,0,1,-1
activist,0,2,-2
hongkongfp,0,1,-1
yet,0,1,-1
documents,0,2,-2
dec,0,1,-1
intersex,0,2,-2
tunisia,0,1,-1
southern,0,1,-1
eritrea,0,1,-1
cameroon,0,1,-1
primeira,0,2,-2
since,0,2,-2
shtml,0,2,-2
counter,0,1,-1
degrees,0,1,-1
ecuador,0,2,-2
togo,0,1,-1
full,0,3,-3
nepal,0,1,-1
development,0,1,-1
msdc,0,2,-2
cooperation,0,1,-1
protects,0,1,-1
applied,0,1,-1
violates,0,1,-1
explanation,0,1,-1
mozambique,0,1,-1
madagascar,0,1,-1
cook,0,1,-1
bulgaria,0,1,-1
collapsible,0,2,-2
courts,0,2,-2
osgk,0,2,-2
greenland,0,3,-3
students,0,2,-2
macau,0,1,-1
vornamen,0,2,-2
burdensome,0,1,-1
kvenrettindafelag,0,1,-1
mauritania,0,1,-1
won,0,3,-3
transsexuellengesetz,0,1,-1
yemen,0,1,-1
mongolia,0,1,-1
aventuras,0,1,-1
legacy,0,2,-2
kyrgyzstan,0,1,-1
marino,0,1,-1
italy,0,1,-1
feststellung,0,2,-2
gabon,0,1,-1
tonga,0,1,-1
leone,0,1,-1
sri,0,1,-1
lands,0,1,-1
slovenia,0,1,-1
kenya,0,1,-1
x,0,1,-1
mali,0,1,-1
morocco,0,1,-1
centre,0,1,-1
biznes,0,1,-1
reportagem,0,1,-1
confirms,0,1,-1
mayotte,0,1,-1
spain,0,1,-1
singapore,0,1,-1
allanngortinneqarneranik,0,1,-1
burundi,0,1,-1
probably,0,1,-1
malawi,0,1,-1
style,0,3,-3
dormitories,0,1,-1
anti,0,2,-2
nordic,0,4,-4
african,0,1,-1
vks,0,2,-2
toilets,0,1,-1
suin,0,1,-1
phtml,0,1,-1
orientation,0,1,-1
lesotho,0,1,-1
infor,0,1,-1
segregation,0,1,-1
ap,0,1,-1
training,0,1,-1
tribunal,0,2,-2
class,0,3,-3
emphasizes,0,1,-1
releases,0,2,-2
arab,0,1,-1
oslo,0,1,-1
die,0,4,-4
governor,0,1,-1
opinion,0,2,-2
data,0,1,-1
imm,0,1,-1
ocean,0,1,-1
sun,0,1,-1
williams,0,1,-1
bahrain,0,1,-1
gambia,0,1,-1
cirurgia,0,2,-2
bonaire,0,1,-1
tuvalu,0,1,-1
almond,0,1,-1
sweden,0,4,-4
nalunaarsuiffik,0,1,-1
shall,0,1,-1
erna,0,1,-1
cywilnego,0,1,-1
living,0,2,-2
width,0,1,-1
bermuda,0,1,-1
venezuela,0,1,-1
netherlands,0,1,-1
pillugu,0,2,-2
homoseksuelle,0,1,-1
palau,0,1,-1
z,0,1,-1
guyana,0,1,-1
der,0,4,-4
moldova,0,1,-1
procedury,0,1,-1
similar,0,1,-1
mariana,0,1,-1
inatsisit,0,1,-1
li,0,1,-1
lambdalegal,0,2,-2
alteration,0,3,-3
prawna,0,1,-1
nowrap,0,1,-1
drops,0,2,-2
saint,0,4,-4
hkfp,0,1,-1
senegal,0,1,-1
korean,0,2,-2
surgical,0,1,-1
farina,0,2,-2
bangladesh,0,1,-1
samorzad,0,1,-1
virgin,0,2,-2
appearance,0,1,-1
suriname,0,1,-1
activities,0,1,-1
attainments,0,1,-1
sahara,0,1,-1
justica,0,1,-1
edward,0,1,-1
fought,0,2,-2
belize,0,1,-1
solomon,0,1,-1
na,0,1,-1
bhutan,0,1,-1
sierra,0,1,-1
synet,0,1,-1
update,0,1,-1
namibia,0,1,-1
israel,0,1,-1
reshenie,0,1,-1
williamsinstitute,0,1,-1
main,0,1,-1
chad,0,2,-2
aventurasnahistoria,0,1,-1
dominican,0,1,-1
belarus,0,4,-4
democratic,0,1,-1
model,0,1,-1
ethiopia,0,1,-1
treatments,0,1,-1
turkey,0,1,-1
cpr,0,1,-1
reports,0,1,-1
military,0,2,-2
partial,0,4,-4
estonia,0,1,-1
saudi,0,1,-1
guzman,0,1,-1
relating,0,1,-1
projects,0,1,-1
majors,0,1,-1
enrollment,0,1,-1
maldives,0,1,-1
overruled,0,1,-1
armenia,0,1,-1
nigeria,0,1,-1
remove,0,1,-1
bissau,0,1,-1
academic,0,1,-1
unconstitutional,0,1,-1
dela,0,1,-1
zh,0,1,-1
turkmenistan,0,1,-1
vital,0,1,-1
icelands,0,1,-1
northern,0,2,-2
educational,0,1,-1
tsg,0,2,-2
asylum,0,1,-1
bodily,0,1,-1
tests,0,1,-1
conducted,0,1,-1
zambia,0,1,-1
por,0,1,-1
austria,0,1,-1
nor,0,1,-1
puerto,0,1,-1
according,0,4,-4
coast,0,1,-1
student,0,1,-1
nauru,0,1,-1
ends,0,1,-1
adopted,0,4,-4
saba,0,1,-1
nbcnews,0,1,-1
sortable,0,1,-1
talkuvatelni,0,1,-1
feminist,0,1,-1
alliance,0,1,-1
union,0,1,-1
uruguay,0,1,-1
gayguide,0,2,-2
height,0,2,-2
verde,0,1,-1
information,0,3,-3
serwisy,0,1,-1
spartacus,0,7,-7
blog,0,5,-5
cant,0,2,-2
cambodia,0,1,-1
indonesia,0,1,-1
czech,0,1,-1
uzbekistan,0,1,-1
dominica,0,1,-1
ruling,0,3,-3
psychological,0,1,-1
lebanon,0,1,-1
recognized,0,3,-3
against,0,2,-2
nogueira,0,1,-1
kitts,0,1,-1
solberg,0,2,-2
und,0,2,-2
paraguay,0,1,-1
requirement,0,3,-3
danish,0,1,-1
equatorial,0,1,-1
gazeta,0,1,-1
womens,0,1,-1
micronesia,0,1,-1
otherwise,0,1,-1
djibouti,0,1,-1
private,0,1,-1
oman,0,1,-1
federal,0,3,-3
san,0,1,-1
wikitable,0,2,-2
nunaannut,0,1,-1
japan,0,1,-1
provide,0,1,-1
sites,0,1,-1
voted,0,1,-1
laos,0,1,-1
bahamas,0,1,-1
rwanda,0,1,-1
registry,0,1,-1
dialogue,0,1,-1
inatsit,0,1,-1
particularly,0,1,-1
somalia,0,1,-1
colombia,0,1,-1
gibraltar,0,1,-1
order,0,1,-1
speech,0,1,-1
condenada,0,2,-2
vatican,0,1,-1
identified,0,1,-1
marker,0,1,-1
malta,0,11,-11
highlights,0,1,-1
gazetaprawna,0,1,-1
icelandic,0,3,-3
cuba,0,1,-1
gigesc,0,2,-2
trainings,0,1,-1
serbia,0,1,-1
everywhere,0,1,-1
dr,0,1,-1
mbalib,0,2,-2
europes,0,2,-2
grenadines,0,1,-1
declines,0,2,-2
spaces,0,1,-1
forum,0,1,-1
besonderen,0,2,-2
chinese,0,3,-3
zealand,0,1,-1
im,0,2,-2
voices,0,1,-1
latvia,0,1,-1
results,0,1,-1
algeria,0,1,-1
myanmar,0,1,-1
research,0,1,-1
jamaica,0,1,-1
subdivision,0,3,-3
down,0,1,-1
final,0,1,-1
wish,0,1,-1
atuutilersinneqarnerannik,0,1,-1
saker,0,2,-2
sprawniej,0,1,-1
lgbtiq,0,1,-1
guam,0,1,-1
age,0,1,-1
cards,0,3,-3
outragemag,0,2,-2
changing,0,2,-2
rico,0,1,-1
uniforms,0,2,-2
forbes,0,2,-2
eswatini,0,1,-1
therapies,0,1,-1
luxembourg,0,1,-1
kl,0,1,-1
free,0,2,-2
washingtonpost,0,1,-1
andorra,0,1,-1
ones,0,1,-1
collection,0,1,-1
therein,0,1,-1
tdelo,0,1,-1
peqqussut,0,1,-1
portugal,0,1,-1
uniform,0,1,-1
artsakh,0,1,-1
brunei,0,1,-1
emirates,0,1,-1
syria,0,1,-1
icelandreview,0,1,-1
brasil,0,2,-2
nbc,0,2,-2
distinguish,0,1,-1
ucla,0,2,-2
congo,0,2,-2
genital,0,1,-1
content,0,1,-1
hairstyles,0,1,-1
time,0,7,-7
jordan,0,1,-1
guiana,0,1,-1
asp,0,1,-1
croatia,0,1,-1
publikasjoner,0,1,-1
beginning,0,1,-1
malaysia,0,1,-1
inatsisip,0,1,-1
ghana,0,1,-1
travel,0,7,-7
proof,0,1,-1
phl,0,2,-2
integrity,0,1,-1
za,0,2,-2
uganda,0,1,-1
seychelles,0,1,-1
winston,0,1,-1
faso,0,1,-1
commons,0,1,-1
consultations,0,2,-2
guadeloupe,0,1,-1
herzegovina,0,1,-1
papua,0,1,-1
disorder,0,1,-1
monitoring,0,1,-1
appeal,0,1,-1
tanzania,0,1,-1
how,0,1,-1
russia,0,4,-4
switzerland,0,1,-1
luhur,0,1,-1
burkina,0,1,-1
education,0,4,-4
faroe,0,1,-1
bosnia,0,1,-1
albania,0,1,-1
islands,0,9,-9
nevis,0,1,-1
another,0,1,-1
even,0,1,-1
been,0,1,-1
kosovo,0,1,-1
libya,0,1,-1
lanka,0,1,-1
montenegro,0,1,-1
eustatius,0,1,-1
strong,0,1,-1
text,0,2,-2
certificates,0,3,-3
sascha,0,1,-1
jus,0,1,-1
lawsuit,0,2,-2
sohu,0,3,-3
leaders,0,1,-1
organized,0,1,-1
cabo,0,1,-1
kazakhstan,0,1,-1
usually,0,2,-2
monaco,0,1,-1
friendly,0,1,-1
decretos,0,1,-1
transfeminism,0,2,-2
inherent,0,1,-1
artykuly,0,1,-1
peking,0,1,-1
office,0,1,-1
ossetia,0,1,-1
lambda,0,1,-1
prawo,0,1,-1
schools,0,2,-2
norwegian,0,2,-2
og,0,1,-1
prohibits,0,1,-1
isle,0,1,-1
initiatives,0,1,-1
next,0,1,-1
upholds,0,3,-3
led,0,1,-1
providing,0,1,-1
